"id","performer_id","talent_name","created_at","updated_at"
"1","2","Singer","2025-01-02 21:31:22","2025-01-02 21:31:22"
"3","3","Singer","2025-01-02 22:27:04","2025-01-02 22:27:04"
"4","4","Dancer","2025-01-02 22:29:28","2025-01-02 22:29:28"
"5","5","Dancer","2025-01-02 22:31:46","2025-01-02 22:31:46"
"7","7","Singer","2025-01-02 22:38:28","2025-01-02 22:38:28"
"8","9","Dancer","2025-01-02 22:40:15","2025-01-02 22:40:15"
"9","8","Dancer","2025-01-02 22:40:19","2025-01-02 22:40:19"
"10","10","Singer","2025-01-02 22:41:21","2025-01-02 22:41:21"
"11","11","Singer","2025-01-02 22:44:15","2025-01-02 22:44:15"
"12","12","Dancer","2025-01-02 22:47:43","2025-01-02 22:47:43"
"13","13","Singer, dancer","2025-01-06 15:21:02","2025-01-06 15:21:02"
"14","14","Singer, dancer","2025-01-06 16:32:01","2025-01-06 16:32:01"
"15","15","Singer, dancer","2025-01-06 18:39:34","2025-01-06 18:39:34"
"16","15","Singers, dancers","2025-01-06 19:01:46","2025-01-06 19:01:46"
"22","31","Singer","2025-01-15 06:45:23","2025-01-15 06:45:23"
"23","16","singer","2025-01-15 16:49:58","2025-01-15 16:49:58"
"33","17","DJs","2025-01-15 17:57:45","2025-01-15 17:57:45"
"34","34","Musicians","2025-01-15 18:02:42","2025-01-15 18:02:42"
"35","36","Musicians","2025-01-15 18:04:58","2025-01-15 18:04:58"
"36","38","Musicians","2025-01-15 18:06:27","2025-01-15 18:06:27"
"37","38","Bands","2025-01-15 18:06:27","2025-01-15 18:06:27"
"38","39","Dancers","2025-01-15 18:07:46","2025-01-15 18:07:46"
"39","41","Singer","2025-01-15 18:08:27","2025-01-15 18:08:27"
"40","41","Dancers","2025-01-15 18:08:27","2025-01-15 18:08:27"
"41","42","Dancers","2025-01-15 18:09:09","2025-01-15 18:09:09"
"42","47","DJs","2025-01-15 18:09:51","2025-01-15 18:09:51"
"43","49","Musicians","2025-01-15 18:10:43","2025-01-15 18:10:43"
"44","51","DJs","2025-01-15 18:11:27","2025-01-15 18:11:27"
"45","55","Singer","2025-01-15 18:12:45","2025-01-15 18:12:45"
"46","55","Bands","2025-01-15 18:12:45","2025-01-15 18:12:45"
"47","56","Singer","2025-01-15 18:14:35","2025-01-15 18:14:35"
"48","56","Bands","2025-01-15 18:14:35","2025-01-15 18:14:35"
"49","57","Dancers","2025-01-15 18:15:36","2025-01-15 18:15:36"
"50","59","Dancers","2025-01-15 18:16:15","2025-01-15 18:16:15"
"51","60","DJs","2025-01-15 18:16:53","2025-01-15 18:16:53"
"52","20","Dancer","2025-01-15 22:24:25","2025-01-15 22:24:25"
"53","19","Singer","2025-01-15 22:25:47","2025-01-15 22:25:47"
"56","21","Dancer","2025-01-15 22:52:26","2025-01-15 22:52:26"
"57","22","Singer","2025-01-15 22:55:09","2025-01-15 22:55:09"
"58","23","Singer","2025-01-15 23:10:52","2025-01-15 23:10:52"
"59","26","Singer","2025-01-15 23:22:04","2025-01-15 23:22:04"
"61","25","Dancer","2025-01-15 23:23:22","2025-01-15 23:23:22"
"63","24","Dancer","2025-01-15 23:26:49","2025-01-15 23:26:49"
"64","28","Singer","2025-01-15 23:49:13","2025-01-15 23:49:13"
"65","27","Dancer","2025-01-15 23:52:33","2025-01-15 23:52:33"
"66","1","Musician","2025-01-16 00:05:51","2025-01-16 00:05:51"
"67","1","Singer","2025-01-16 00:05:51","2025-01-16 00:05:51"
"68","86","Singer","2025-01-16 01:12:28","2025-01-16 01:12:28"
"69","87","Singer","2025-01-16 01:16:28","2025-01-16 01:16:28"
"70","90","Singer","2025-01-16 01:19:52","2025-01-16 01:19:52"
"71","91","Singer","2025-01-16 01:22:17","2025-01-16 01:22:17"
"72","92","Singer","2025-01-16 01:23:49","2025-01-16 01:23:49"
"73","96","DJs","2025-01-16 02:07:01","2025-01-16 02:07:01"
"74","97","DJs","2025-01-16 02:12:03","2025-01-16 02:12:03"
"75","98","DJs","2025-01-16 02:17:12","2025-01-16 02:17:12"
"76","99","DJs","2025-01-16 02:24:22","2025-01-16 02:24:22"
"77","100","DJs","2025-01-16 02:31:10","2025-01-16 02:31:10"
"78","101","Musicians","2025-01-16 02:36:20","2025-01-16 02:36:20"
"79","102","Musicians","2025-01-16 02:40:39","2025-01-16 02:40:39"
"80","93","Dancer","2025-01-16 02:44:29","2025-01-16 02:44:29"
"82","103","Musicians","2025-01-16 02:45:57","2025-01-16 02:45:57"
"83","94","Dancer","2025-01-16 02:46:30","2025-01-16 02:46:30"
"85","95","Dancer","2025-01-16 02:48:21","2025-01-16 02:48:21"
"86","104","Musicians","2025-01-16 02:51:35","2025-01-16 02:51:35"
"87","89","Dancer","2025-01-16 02:53:10","2025-01-16 02:53:10"
"88","88","Dancer","2025-01-16 02:55:17","2025-01-16 02:55:17"
"89","105","Musicians","2025-01-16 02:57:46","2025-01-16 02:57:46"
"90","106","Dance","2025-01-16 03:05:43","2025-01-16 03:05:43"
"91","107","Dance","2025-01-16 03:10:07","2025-01-16 03:10:07"
"92","108","Dance","2025-01-16 03:14:16","2025-01-16 03:14:16"
"93","109","Dance","2025-01-16 03:20:38","2025-01-16 03:20:38"
"94","110","Dance","2025-01-16 03:25:07","2025-01-16 03:25:07"
"96","111","Singer","2025-01-16 03:35:07","2025-01-16 03:35:07"
"97","112","Singer","2025-01-16 03:40:01","2025-01-16 03:40:01"
"98","113","Singer","2025-01-16 03:43:42","2025-01-16 03:43:42"
"99","114","Singer","2025-01-16 03:47:05","2025-01-16 03:47:05"
"100","115","Singer","2025-01-16 03:50:46","2025-01-16 03:50:46"
